job,money,desc,url
高可用技术专家,25-50K,杭州,/job_detail/6ec6edff7d8255950nR_3t6_FFQ~.html
Java,20-35K·16薪,杭州,/job_detail/e2627d75c84db7b403Jz3tm-E1c~.html
技术专家/高级Java开发工程师,18-35K,杭州,/job_detail/b7b13e4a4b1b5ae5031829y6FFI~.html
算法研究员,20-40K,杭州,/job_detail/2a86c3eb6735f9140nB709m_EFY~.html
资深Java开发工程师,25-35K,杭州,/job_detail/8ff2bc04c178e9850HZ-3d24FA~~.html
技术专家,30-50K,杭州,/job_detail/417df1980bc6b65b0nx739y4GQ~~.html
阿里集团-高德-Java开发专家-共享,25-40K·16薪,北京,/job_detail/090357da484bfd3e0nJy2NS1EVM~.html
技术专家,30-40K·16薪,北京,/job_detail/bc0b910a960f46e00nB82924F1Y~.html
客户端开发专家,30-60K·13薪,杭州,/job_detail/8cd3c44dbbf168ee0nBy29i8GVE~.html
开发工程师,15-25K,杭州,/job_detail/e9c6d4c660bd84671Hx809i8EVU~.html
Java 北京专场,20-40K,北京,/job_detail/0a3de368e366014d1XV52t68GFc~.html
高级前端工程师,15-25K,杭州,/job_detail/693e3cf6eb13c1601XF73d67E1c~.html
Java专家／高级专家／架构师,25-40K,北京,/job_detail/8f5ffef4c54d9eb71nZ92ty0FFA~.html
高级数据专家,25-50K,深圳,/job_detail/91d22b8578be388d03dz2dm1FFA~.html
算法专家,25-50K,杭州,/job_detail/bdc244f695ea95bb1nJ_3NS-E1A~.html
高级前端工程师/专家,20-40K,南京,/job_detail/dfd3bf1549af33761XF72ty9FFU~.html
高级研发工程师/技术专家,20-40K,杭州,/job_detail/befe38009a7d2ee41XV53tW7EFM~.html
数据平台开发,25-50K·13薪,上海,/job_detail/f904843d19a3c8f70nV42dS4EVU~.html
资深客户端开发工程师,20-28K·13薪,杭州,/job_detail/ddadfb3c8fc5b6380nB93dW7GVo~.html
Java 业务系统架构师（开发专家）,25-50K,杭州,/job_detail/b5ed6402adeb8e1b1HV-3tq5F1I~.html
机器学习,25-40K·13薪,北京,/job_detail/833431e990e72edf03N429y8Elo~.html
架构师,30-60K·16薪,上海,/job_detail/56d2ea507af1c9700nd40tS_FFQ~.html
HTML5,20-40K,杭州,/job_detail/c129616ac0f359af1XB53dy4ElY~.html
资深前端开发工程师,20-40K,杭州,/job_detail/9683647c825a08621HJ_2NW9EVE~.html
高级Java开发工程师/专家,20-40K·16薪,杭州,/job_detail/f8e66cf36d2839520nZz2di5F1Y~.html
资深Java研发工程师,30-60K,杭州,/job_detail/dc2728ab7ba5356403d639m_FlA~.html
java 高级工程师/专家,20-40K,深圳,/job_detail/5403451c2d685a6103J63ti0FVc~.html
前端工程师,20-40K·16薪,上海,/job_detail/513c8efb89775f0503J43NW-E1U~.html
高级java工程师,30-55K·15薪,北京,/job_detail/e0a6ac5c4f0a34460nF82d25F1c~.html
Java软件开发工程师,20-40K·16薪,北京,/job_detail/a3b495ba8c4498431HJ_2Nq0FFE~.html
资深Java开发工程师,20-40K,杭州,/job_detail/61d44cfdf3e1edc61XZ80tu7EVQ~.html
高级java工程师/架构师,18-35K·13薪,北京,/job_detail/019a439a8065593a0nBz29y5F1U~.html
Java资深开发工程师,25-35K·13薪,杭州,/job_detail/bf06bdc9abedc2e70nZ62Nm4FFs~.html
高级开发工程师,30-60K·16薪,上海,/job_detail/db924dbff2936dfb0nNz3967F1o~.html
深度学习算法专家,25-50K,杭州,/job_detail/2247b9b9bc1e45161nJ_09q5E1Y~.html
高德-Android开发工程师,30-60K,北京,/job_detail/b06f8296555788231HZ92NS9F1M~.html
阿里云智能-架构师-行业能力中心-文化旅游,35-65K,杭州,/job_detail/6261d4664bb0e5bb03V_3tu_GVc~.html
Java「杭州西溪园区」,25-50K·16薪,北京,/job_detail/0fcfd1775a9038f30nF53tW9F1M~.html
资深Android开发工程师,25-50K,杭州,/job_detail/5a0620b87c9aa1381nB-0tq-FlE~.html
高级前端/前端专家,20-40K·16薪,武汉,/job_detail/0dbaef72140ee7f903x-39u-GFM~.html
资深java开发工程师-NJ,25-50K,南京,/job_detail/537c27dd2b66777f1nB_2Ni9EVc~.html
Java,20-40K,深圳,/job_detail/3e150f43dc4d2cc903N709i6FVE~.html
算法专家,25-50K,杭州,/job_detail/cf382057b29a614b1nJ_3NS8ElE~.html
前端开发工程师/专家,18-35K,北京,/job_detail/678a5c1d92f089fc0nJ92tu6EVM~.html
android,25-40K,上海,/job_detail/73f847119ab6ae260nZ829y9Elo~.html
资深JAVA开发工程师,20-40K,深圳,/job_detail/3b4947c65d29e3760nF63d29E1M~.html
Java,20-40K,深圳,/job_detail/3f224e27f61d0d3a1XN43ti9F1E~.html
高级前端/前端专家,20-40K·16薪,武汉,/job_detail/0dbaef72140ee7f903x-39u-GFM~.html
web前端,20-40K,杭州,/job_detail/4f478c9faef5515b1XR-29W7.html
高德-Java高级开发工程师-高精地图方向,30-60K,北京,/job_detail/39d83bfcd20d183b1HZ409q9GFA~.html
资深前端开发工程师,25-40K·13薪,上海,/job_detail/2979a56c1ac4e6560nR70921EVc~.html
Java技术专家/资深开发,25-45K·16薪,杭州,/job_detail/2b178a66cc4f36f60nB-29i4EVc~.html
高级java工程师/架构师,18-35K·13薪,重庆,/job_detail/a1e67ee8aec580110nBz29-6FVQ~.html
web前端,20-40K,南京,/job_detail/a0f616ba0cc8130f03xz2dy9FlA~.html
NLP算法工程师,25-50K,北京,/job_detail/388ba7877b38480d1Hxz3tq9EVs~.html
前端开发工程师,20-40K·16薪,北京,/job_detail/6f5027a3990c12cf1nZy39S0Flc~.html
高级开发工程师/技术专家,30-40K·16薪,杭州,/job_detail/eea6da69b8d615aa03Z82Ny-EVc~.html
深度学习专家,50-100K,北京,/job_detail/fa632f7db5cbe4b41nJ609u7E1Y~.html
测试开发,20-35K,杭州,/job_detail/a7ebdb48037ae5c403142ti4F1c~.html
高德-iOS开发工程师,30-60K,北京,/job_detail/4ac68b927e0f754a1HZ92NW1GFc~.html
web前端,25-40K,杭州,/job_detail/702f08d0246019940nZ909-_FFo~.html
web前端,20-40K,南京,/job_detail/a0f616ba0cc8130f03xz2dy9FlA~.html
NLP算法工程师,25-50K,北京,/job_detail/388ba7877b38480d1Hxz3tq9EVs~.html
高级开发工程师/技术专家,30-40K·16薪,杭州,/job_detail/eea6da69b8d615aa03Z82Ny-EVc~.html
深度学习专家,50-100K,北京,/job_detail/fa632f7db5cbe4b41nJ609u7E1Y~.html
测试开发,20-35K,杭州,/job_detail/a7ebdb48037ae5c403142ti4F1c~.html
高德-iOS开发工程师,30-60K,北京,/job_detail/4ac68b927e0f754a1HZ92NW1GFc~.html
测试开发专家,30-50K,北京,/job_detail/210ba48abb50f7d603N_29q_E1s~.html
高级前端工程师/专家,20-40K,西安,/job_detail/7f5030c264571cbc1XF82Ni_Els~.html
算法专家,20-40K,上海,/job_detail/70415e6eb154d2501XJy29S6GFQ~.html
Android,20-40K,深圳,/job_detail/df837efd8b04312e0nB72Nq1FVQ~.html
前端开发工程师/专家 (P6/P7),24-45K·16薪,西安,/job_detail/8148a72e24736a0f0nN62dy-GVE~.html
机器视觉算法工程师,20-40K,杭州,/job_detail/e2ff8e95dc2672ba1HZy2Nq7FVQ~.html
Java,20-40K,北京,/job_detail/11c85ed4bdbbcd891HB909q9F1E~.html
前端开发专家,20-40K,杭州,/job_detail/1753fb406a8685d61HZy2d69FVE~.html
